Language,Response Time
csharp,1510
csharp,1315
csharp,1372
csharp,1341
csharp,3435
csharp,1171
csharp,1282
csharp,1399
csharp,1171
csharp,1141
csharp,1288
csharp,1299
csharp,1248
csharp,1309
csharp,1395
csharp,1342
csharp,1385
csharp,1282
csharp,1457
csharp,1359
csharp,1402
csharp,1396
csharp,1525
csharp,1420
csharp,1592
csharp,1377
csharp,1444
csharp,1682
csharp,1585
csharp,1389
csharp,1472
csharp,1397
csharp,1642
csharp,1294
csharp,1397
csharp,1632
csharp,1502
csharp,1169
csharp,1361
csharp,1821
csharp,1693
csharp,1451
csharp,1501
csharp,1389
csharp,1521
csharp,1495
csharp,1741
csharp,1436
csharp,1164
csharp,1187
csharp,1219
csharp,1502
csharp,1453
csharp,1392
csharp,1720
csharp,1507
csharp,1425
csharp,1487
csharp,1332
csharp,1241
csharp,1205
csharp,1226
csharp,1644
csharp,1556
csharp,1825
csharp,1509
csharp,1597
csharp,1798
csharp,1173
csharp,1187
csharp,1169
csharp,1293
csharp,1405
csharp,1283
csharp,1391
csharp,1915
csharp,1816
csharp,1152
csharp,1310
csharp,1397
csharp,1161
csharp,1162
csharp,1152
csharp,1200
csharp,1160
csharp,1155
csharp,1188
csharp,1446
csharp,1744
csharp,1171
csharp,1365
csharp,1620
csharp,1229
csharp,1215
csharp,1454
csharp,1417
csharp,1504
csharp,2530
csharp,2400
csharp,2372
csharp,2510
csharp,2517
csharp,2418
csharp,2581
csharp,2699
csharp,2994
csharp,2511
csharp,2403
csharp,2700
csharp,2936
csharp,3352
csharp,2696
csharp,2837
csharp,2766
csharp,2647
go,289
go,278
go,291
go,323
go,406
go,332
go,304
go,311
go,308
go,306
go,304
go,389
go,282
go,293
go,304
go,315
go,429
go,315
go,321
go,305
go,354
go,366
go,321
go,451
go,334
go,404
go,476
go,359
go,5396
go,428
go,543
go,408
go,310
go,388
go,414
go,375
go,386
go,305
go,307
go,316
go,297
go,314
go,304
go,322
go,286
go,321
go,468
go,310
go,295
go,312
go,314
go,316
go,398
go,320
go,296
go,298
go,300
go,314
go,317
go,305
go,342
go,324
go,330
go,409
go,298
go,312
go,315
go,412
go,440
go,420
go,293
go,395
go,313
go,354
go,304
go,320
go,467
go,353
go,297
go,298
go,299
go,313
go,316
go,382
go,286
go,384
go,305
go,281
go,436
go,303
go,385
go,285
go,385
go,267
go,335
go,329
go,313
go,362
go,460
go,440
go,491
go,496
go,341
go,501
go,366
go,390
go,382
go,343
go,375
go,375
go,562
go,507
go,524
go,521
go,555
java,3771
java,4117
java,3861
java,3730
java,3986
java,4161
java,4530
java,4377
java,4335
java,4403
java,4089
java,5222
java,3974
java,4170
java,4220
java,4054
java,4137
java,4424
java,4033
java,4143
java,4018
java,4489
java,4294
java,3981
java,4102
java,4161
java,4149
java,4243
java,4326
java,4745
java,4450
java,4251
java,4283
java,4210
java,8892
java,4192
java,9182
java,4263
java,4121
java,4261
java,4086
java,4351
java,4099
java,4184
java,4081
java,3870
java,4171
java,4259
java,4203
java,4506
java,4127
java,4370
java,4195
java,3901
java,4038
java,4215
java,4142
java,4461
java,4223
java,4150
java,4267
java,4379
java,4248
java,4256
java,4574
java,4235
java,3845
java,4396
java,4333
java,4181
java,3981
java,4144
java,4258
java,4655
java,4431
java,4308
java,4822
java,4978
java,4408
java,4497
java,4676
java,4661
java,4139
java,4145
java,4106
java,4016
java,4168
java,4200
java,4344
java,4103
java,4230
java,4237
java,4063
java,4386
java,4214
java,4333
java,4040
java,6574
java,10818
java,6411
java,6042
java,6361
java,6279
java,6169
java,6540
java,6272
java,5952
java,6342
java,6088
java,5853
java,6199
java,6080
java,5819
java,6065
java,6209
nodejs,619
nodejs,617
nodejs,749
nodejs,993
nodejs,1664
nodejs,1004
nodejs,600
nodejs,634
nodejs,651
nodejs,895
nodejs,615
nodejs,608
nodejs,812
nodejs,702
nodejs,695
nodejs,713
nodejs,719
nodejs,610
nodejs,812
nodejs,621
nodejs,746
nodejs,650
nodejs,615
nodejs,624
nodejs,628
nodejs,643
nodejs,608
nodejs,658
nodejs,607
nodejs,620
nodejs,2547
nodejs,601
nodejs,646
nodejs,979
nodejs,632
nodejs,735
nodejs,720
nodejs,712
nodejs,701
nodejs,712
nodejs,620
nodejs,600
nodejs,602
nodejs,603
nodejs,590
nodejs,605
nodejs,604
nodejs,612
nodejs,616
nodejs,586
nodejs,594
nodejs,610
nodejs,626
nodejs,691
nodejs,606
nodejs,606
nodejs,623
nodejs,617
nodejs,606
nodejs,760
nodejs,611
nodejs,629
nodejs,732
nodejs,615
nodejs,712
nodejs,628
nodejs,619
nodejs,607
nodejs,622
nodejs,616
nodejs,605
nodejs,611
nodejs,624
nodejs,612
nodejs,603
nodejs,604
nodejs,605
nodejs,601
nodejs,605
nodejs,608
nodejs,602
nodejs,603
nodejs,601
nodejs,590
nodejs,604
nodejs,607
nodejs,618
nodejs,609
nodejs,704
nodejs,2861
nodejs,707
nodejs,598
nodejs,597
nodejs,622
nodejs,595
nodejs,602
nodejs,598
nodejs,1683
nodejs,1457
nodejs,1509
nodejs,1605
nodejs,1776
nodejs,1557
nodejs,1595
nodejs,1560
nodejs,1472
nodejs,1393
nodejs,1427
nodejs,1420
nodejs,1462
nodejs,1667
nodejs,3656
nodejs,1990
nodejs,2045
nodejs,1801
python,1482
python,1406
python,1408
python,1577
python,1919
python,1517
python,1518
python,1547
python,1425
python,1443
python,1509
python,2041
python,1938
python,1864
python,1696
python,1721
python,2816
python,1411
python,1534
python,1503
python,1518
python,1448
python,1551
python,1601
python,1722
python,2149
python,2431
python,2284
python,1760
python,2145
python,2778
python,1846
python,2290
python,1749
python,1639
python,2808
python,2783
python,2294
python,2135
python,1518
python,1399
python,1329
python,1293
python,1511
python,1346
python,1416
python,1300
python,1515
python,1443
python,2299
python,1420
python,1947
python,1400
python,1435
python,1424
python,1517
python,1502
python,1298
python,1348
python,1512
python,1446
python,1400
python,1426
python,1434
python,1442
python,1431
python,1607
python,1295
python,1298
python,1630
python,1321
python,1847
python,1551
python,1414
python,1421
python,2405
python,1835
python,1902
python,1705
python,1922
python,2022
python,2106
python,1519
python,1813
python,1802
python,2105
python,1415
python,2025
python,1928
python,1744
python,1728
python,1493
python,2035
python,1728
python,1965
python,1835
python,1516
python,2753
python,2657
python,2819
python,2557
python,2925
python,4042
python,1718
python,1629
python,1728
python,1645
python,1740
python,1776
python,1642
python,1634
python,1638
python,1867
python,1807
python,1725
